{"cameraMode":{"drawMode":0,"name":"Shaded","section":"Shading Mode"},"sceneLighting":true,"audioPlay":false,"sceneViewState":{"m_AlwaysRefresh":false,"showFog":true,"showSkybox":true,"showFlares":true,"showImageEffects":true,"showParticleSystems":true,"showVisualEffectGraphs":true,"m_FxEnabled":true},"in2DMode":false,"pivot":{"x":-325.4847412109375,"y":72.55919647216797,"z":54.049800872802737},"rotation":{"x":0.18449532985687257,"y":-0.08873092383146286,"z":0.01663249544799328,"w":0.9787237048149109},"size":6.755819797515869,"orthographic":false}