{"cameraMode":{"drawMode":0,"name":"Shaded","section":"Shading Mode"},"sceneLighting":true,"audioPlay":false,"sceneViewState":{"m_AlwaysRefresh":false,"showFog":true,"showSkybox":true,"showFlares":true,"showImageEffects":true,"showParticleSystems":true,"showVisualEffectGraphs":true,"m_FxEnabled":true},"in2DMode":false,"pivot":{"x":3.583271026611328,"y":2.0958242416381838,"z":1.053573489189148},"rotation":{"x":0.011841920204460621,"y":-0.6438815593719482,"z":-0.015226239338517189,"w":-0.7651510834693909},"size":2.156991958618164,"orthographic":false}