{"cameraMode":{"drawMode":0,"name":"Shaded","section":"Shading Mode"},"sceneLighting":true,"audioPlay":false,"sceneViewState":{"m_AlwaysRefresh":false,"showFog":true,"showSkybox":true,"showFlares":true,"showImageEffects":true,"showParticleSystems":true,"showVisualEffectGraphs":true,"m_FxEnabled":true},"in2DMode":false,"pivot":{"x":-371.4594421386719,"y":81.75042724609375,"z":61.792598724365237},"rotation":{"x":-0.013610624708235264,"y":-0.837087869644165,"z":0.020860986784100534,"w":-0.5465307831764221},"size":0.5275986790657044,"orthographic":false}