{"cameraMode":{"drawMode":0,"name":"Shaded","section":"Shading Mode"},"sceneLighting":true,"audioPlay":false,"sceneViewState":{"m_AlwaysRefresh":false,"showFog":true,"showSkybox":true,"showFlares":true,"showImageEffects":true,"showParticleSystems":true,"showVisualEffectGraphs":true,"m_FxEnabled":true},"in2DMode":false,"pivot":{"x":-345.47186279296877,"y":103.00660705566406,"z":-32.18016052246094},"rotation":{"x":-0.04130779951810837,"y":-0.5560624003410339,"z":-0.027763210237026216,"w":0.8297156691551209},"size":74.24056243896485,"orthographic":false}