{"cameraMode":{"drawMode":0,"name":"Shaded","section":"Shading Mode"},"sceneLighting":true,"audioPlay":false,"sceneViewState":{"m_AlwaysRefresh":false,"showFog":true,"showSkybox":true,"showFlares":true,"showImageEffects":true,"showParticleSystems":true,"showVisualEffectGraphs":true,"m_FxEnabled":true},"in2DMode":false,"pivot":{"x":-0.6244082450866699,"y":0.5195069313049316,"z":0.6034865379333496},"rotation":{"x":-0.2332170456647873,"y":0.7206239104270935,"z":-0.28642013669013979,"w":-0.5867890119552612},"size":2.9284067153930666,"orthographic":false}