{"cameraMode":{"drawMode":0,"name":"Shaded","section":"Shading Mode"},"sceneLighting":true,"audioPlay":false,"sceneViewState":{"m_AlwaysRefresh":false,"showFog":true,"showSkybox":true,"showFlares":true,"showImageEffects":true,"showParticleSystems":true,"showVisualEffectGraphs":true,"m_FxEnabled":true},"in2DMode":false,"pivot":{"x":-412.28411865234377,"y":61.384063720703128,"z":186.42723083496095},"rotation":{"x":0.3781075179576874,"y":-0.23673288524150849,"z":0.10070125013589859,"w":0.8893589973449707},"size":124.91736602783203,"orthographic":false}