{"cameraMode":{"drawMode":0,"name":"Shaded","section":"Shading Mode"},"sceneLighting":false,"audioPlay":false,"sceneViewState":{"m_AlwaysRefresh":false,"showFog":true,"showSkybox":false,"showFlares":true,"showImageEffects":true,"showParticleSystems":true,"showVisualEffectGraphs":true,"m_FxEnabled":true},"in2DMode":false,"pivot":{"x":0.0002817511558532715,"y":0.5772992372512817,"z":2.384185791015625e-7},"rotation":{"x":0.3187021017074585,"y":0.6196364760398865,"z":-0.30392181873321535,"w":0.6497493386268616},"size":2.1648027896881105,"orthographic":false}