{"cameraMode":{"drawMode":0,"name":"Shaded","section":"Shading Mode"},"sceneLighting":false,"audioPlay":false,"sceneViewState":{"m_AlwaysRefresh":false,"showFog":true,"showSkybox":false,"showFlares":true,"showImageEffects":true,"showParticleSystems":true,"showVisualEffectGraphs":true,"m_FxEnabled":true},"in2DMode":false,"pivot":{"x":-0.09653639793395996,"y":1.0981167554855347,"z":0.00003288686275482178},"rotation":{"x":-0.19602340459823609,"y":0.5687624216079712,"z":-0.14205142855644227,"w":-0.7860696911811829},"size":8660.25390625,"orthographic":false}